brave,98
disarm,10.6,31.1
efface,44
twang,43.2
jitterbug,51.5
zoom,51.3.2
clutter,9.8
augment,45.4
surmise,29.5-1
compete,36.4-1
cripple,29.7
slope,47.6
degenerate,45.4
impel,59
joke,37.6
cage,9.10
jet,43.4,51.4.1
alternate,86.1,22.2-2-1
brawl,36.4-1
naturalize,45.4
heel,9.9
regard,30.2,29.2
flaunt,48.1.2
meet,36.3-1,47.8-1
toll,43.2
spew,43.4,9.5
dawn,48.1.1
reinstate,13.5.3
scrape,10.4.1-1,21.1-1,9.3-2
forbid,67
effeminate,45.4
steady,45.4
clouded,45.4
officiate,29.6
piss,40.1.2
truck,11.5-1
debur,10.8
dissipate,45.4
proffer,48.1.2,13.2-2
daze,31.1
debug,10.8
drip,43.4,9.5
transform,26.6.1
guard,29.8-1
misappropriate,10.5
whack,18.1
pity,31.2
crouch,47.6,50
grope,20-1,35.5
erupt,48.1.1
reverberate,47.4
suffer,31.3-4,31.2
join,73-1,22.1-2-1
amalgamate,22.1-1-1,22.2-1-1
pirouette,51.5
burgeon,45.5
analyze,34.1
pith,10.7
resonate,47.4
overcook,45.3
groom,41.1.2
splice,22.3-2-1
suspend,9.2-1
fancy,31.2,32.1
drop,47.7,51.3.1,10.10,45.6-1,9.4
jab,19,18.1-1
dilate,45.4
echo,47.4
saute,45.3
interchange,22.2-2-1
jar,31.4-2,31.1,9.10
plaster,9.9,9.7-1,22.4
stipple,9.8
jam,9.7-1-1,40.8.3
undulate,47.3,47.7,51.3.1
canonize,29.7
salvage,10.5
apprehend,87.2-1
rationalize,97.2,84
spat,36.4-1
station,9.1
bolshevize,45.4
imprecate,33
amble,51.3.2
double,45.4
shampoo,41.2.2
mislead,59
massacre,42.1
stutter,37.3
tremble,47.3,40.6
weary,31.3-6,31.1
unstaple,23.3
deduce,97.2,84
wangle,10.5
spar,36.4-1
toot,43.2
span,47.8
update,37.2
get_down,26.6.2
grab,10.5,15.1-1,13.5.2
connect,22.1-2-1
heft,11.4
jolt,59,31.1
deduct,10.1,108-2,97.2
rap,37.6,18.4-1,43.2,18.1-1
organize,26.4,59-1,55.5-1
disturb,31.1
barter,13.6
normalize,45.4
steepen,45.4
treasure,31.2
espy,30.2
lament,31.2
fuel,9.9
admonish,58.1,37.9-1
hinder,67
knell,43.2
dominate,47.8-2
vacillate,47.3
stamp_down,42.3
depose,10.1
cellar,9.10
declaw,10.8
gray,45.4
peruse,30.2
confront,98
ding,43.2
deport,10.2
dine,39.5
flush,40.1.1,10.4.1
ram,18.4-1,9.3-2-1
humidify,45.4
brown,45.3
exhaust,31.1
pass_out,13.2
unroll,45.2
whirl,9.6,51.3.1
scrawk,38
lower,45.6-1,9.4
implore,58.1
riddle,9.8
scrawl,25.2
rock,49,47.3
subside,45.4
settle_down,26.6.2
help,72-1
addict,96
border,47.8
purge,10.6,10.4.1
reappraise,54.4
coalesce,48.1.1,22.1-1-1,22.2-1-1,22.2-2-1
elect,29.1
support,47.8,72,31.2
rot,45.5,47.2
anoint,9.8,29.3-1
identify,29.2-1-1,88.2
writhe,47.3,40.6
baste,22.3-2
resign,13.2,10.11
fructify,45.4
robe,41.3.3,9.9,9.8
unbolt,23.3
row,51.4.2,11.5
scent,30.2
teethe,39.2-1
rob,10.6
calve,28
suppose,29.9-2
regain,13.5.2
tango,51.5
weave,47.7,51.3.2,26.1
bring_about,27,55.5-1
branch,23.4
roam,51.3.2
hangar,9.10
unnerve,31.1
roar,57,43.2,37.3,38
muse,31.3-8
shawl,9.9
express,48.1.2,11.1-1
paddywhack,18.3
jog,51.3.2
deviate,23.4
reside,47.1-1,46
atomize,45.4
reelect,29.1
melt,26.5,45.4
drowse,40.4
teeter,49,47.3
retort,37.7
meld,22.1-1-1
recall,10.2
whale,13.7
strengthen,45.4
telephone,37.4
embitter,45.4
bewitch,31.1
formulate,26.4,26.1
skewer,22.4,9.10
regale,13.4.2-1
reanimate,45.4
hand_out,13.2
shave,41.2.1,41.1.1,10.4.1
whinny,38
whine,37.8,43.2,37.3,38
macerate,45.4
jig,51.5
incriminate,33
pray,32.2-1
recast,29.2
wrap,9.7-1
indict,33
asphyxiate,40.7,42.2
impregnate,9.8
contract,45.4,13.5.3,89
force_out,10.10
wreathe,9.9,47.8
groan,40.2,43.2,37.3,38
imitate,25.4
herd,22.3-2,47.5.2
ripple,9.8,47.2
polish,9.9,10.4.1
buttonhole,9.9
decay,45.5,47.2
manipulate,59-1
grip,15.1-1,20-1
blossom,45.5,47.2
grin,40.2
repudiate,33
sight,30.2
unhitch,23.3
toil,51.3.2
drum,40.3.2,18.1-1
develop,48.1.1,26.2,48.3,26.1
drug,9.9
tease,41.2.2,31.1,35.6,59-1
tally_up,25.4
rip,23.2,21.1-1,45.1
puzzle,31.3-8,31.1
hearten,31.1
lampoon,33
dive,35.2,47.7
dodge,52
brood,87.1
slacken,45.4
offer,48.1.2,13.3
emaciate,45.4
accede,95
break_down,45.1
rim,47.8
equilibrate,45.4
meow,38
rid,10.6
advance,13.3,45.4,51.1-2,102,45.6-1
slander,33
sugar,9.9
deride,33
replenish,9.8
flop,47.6,50
appear,48.1.1,109
understand,77,87.2-1
wield,15.1-1
speculate,29.5-1
maintain,29.4-1,29.5-2,55.6
dismount,23.3
flow,48.1.1,47.2
take shape,48.1.1
caulk,9.9
lick,39.2-1,10.4.1-1,20-1
derib,10.8
shelter,47.1-1,46,16
drink,39.1-2
potter,53.1
appeal,31.4-3
unlatch,23.3
despoil,10.6
samba,51.5
spank,18.3
derive,26.4,48.1.1,97.2
tattoo,25.1
snatch_away,10.5
breastfeed,39.7
waggle,49,40.3.2
cheat,10.6,59-1
jollify,31.1
charter,13.5.1
sour,45.4
laugh,40.2
metamorphose,26.6.1
fuse,22.3-1-1,22.1-1-1,45.4
nauseate,31.1
demast,10.8
distend,45.2
suggest,48.1.2,37.7-1-1
glint,43.1
commence,55.1-1
flog,10.5,18.3
favor,31.2
titter,40.2
befall,48.3
abolish,10.1
eliminate,10.1,42.1
ravish,31.1
patrol,35.2
resound,47.4
press,59,12-1-1
sort,29.10
rumple,45.2
rue,31.2
chaperone,29.8-1
atrophy,45.5
advise,37.7-1,37.2,58.1,37.9-1
armor,13.4.2-1-1
caramelize,45.4
kayak,51.4.1-1
run,47.7,18.4,26.3-1,47.5.1-1,11.4,51.3.2
intensify,45.4
iron,26.3-2,10.4.2
graffiti,9.9
rut,9.9
pick,39.2-1,13.5.1
retract,10.1
pinch,10.5,20-1
bridle,9.9
trust,29.5-1,31.2,13.4.1
truss,22.4
thirst,32.2-2,32.2-1
remain,47.1-1
congratulate,33
abound,47.5.1-2-1
insult,31.1,33
condone,33
wrest,10.5
entice,59,31.1
thicken,45.4
infuriate,31.1
publicize,45.4
thump,18.1,18.4-1,43.2,18.3
wither,45.5,47.2
thunk,43.2
care,31.3-2,31.3-3,88.1-1
proclaim,37.7-1,29.4-2,37.10,29.1
equalize,45.4
deplore,31.2
demand,60-1,103
mute,45.4
splotch,9.8
cloister,16,9.10
enthrall,31.1
spare,54.5
cart,11.5-1
collaborate,73-1,36.1,71
spark,27
vary,23.4,45.4,45.6-1
excommunicate,10.1
upgrade,29.1
lightning,57
cast,26.1,17.1,29.2
soothe,59,31.1
rub,10.4.1-1,9.7-1,40.3.2,20-1
shovel,10.4.2-1,9.3-2
spring up,48.1.1
cash,13.5.1-1
suction,10.4.1-1
carbonify,45.4
case,9.10
whitewash,9.9
thumb,35.5
extirpate,10.1,44
attempt,61
gallop,51.3.2
repulse,31.1
insure,99,85
assimilate,26.9,14-2-1
keep_down,42.3
irk,31.1
worsen,45.4
unfurl,45.2
shellac,24
pursue,51.6
squat_down,50
drill,21.2-2
capsize,45.4
corroborate,78,37.1.1
extort,10.5,58.1
chip,40.8.3-1-1,21.1-1,45.1,21.2-1
plague,31.1
chir,43.2
smuggle,10.5,11.1-1
counter,98
sever,23.1,10.1
derat,10.8
subtract,10.1,108-2
alarm,31.1
whittle,26.1
charge,92,13.4.2,54.5,51.3.2
penalize,33
disdain,31.2-1
stultify,33
flub,74-2,75-1-1
sprain,40.8.3-1-1
derind,10.8
cane,18.3
chug,43.2
originate,55.5-1
sag,47.6
imply,78
feather,9.9
jest,37.6
tote,11.4
draw,25.2,26.7-2-1,59,10.1,23.2,11.4,59-1
shimmer,43.1
blanch,40.8.4,45.3
rumba,51.5
spawn,27,28
camp,46
demagnetize,45.4
stock,15.2,9.7-2
drive,51.4.2,11.5
pink,43.2
pine,32.2-1
ping,43.2
sole,9.9
bombard,9.8,17.2
like,31.2-1,32.1-1-1
polarize,45.4
saturate,9.8
topple,45.4
sap,10.6
relieve,10.6,80-1,31.1
cabbage,10.5
growl,40.2,43.2,37.3,38
say,37.7-1,78-1
saw,23.2,21.1-1
ulcerate,45.4
toss,26.3-1,40.3.2,17.1-1-1
yearn,32.2-2,32.2-1
dance,47.3,51.5,26.7-1-1
pulverize,45.4,21.2-1
marinate,87.1
stream,43.4,48.1.1,47.2
flit,51.3.2
spice,9.9
link,22.1-2-1,22.4
line,9.8,47.8
glower,40.2
bathe,9.8,41.1.1
straighten,45.2
revert,26.6.2
judder,47.2
democratize,45.4
pile,9.7-1-1
disprove,97.2
limp,51.3.2
flip,17.1-1
dredge,35.2
prod,59,20-1
jerk,12-1
kitten,28
resolve,89
embolden,31.1
sovietize,45.4
hoist,11.4,9.4
drag,35.2,11.4
revere,31.2
prop,9.2
chagrin,31.1
injure,40.8.3-2
zest,10.7
remind,37.2
arrange,9.1,26.1,55.5-1
assemble,47.5.2,26.1
snoop,30.3,35.5
agitate,31.1
lilt,43.2,37.3
tour,51.3.2
tout,37.12
purse,40.3.2
snore,40.2,40.1.1
remark,37.7-1,37.11-1
overcome,90
trumpet,43.2,37.3,38
slosh,9.5
patent,101
heat,45.4,45.3
bicycle,51.4.1-1
anchor,22.4
function,29.6
heap,9.7-2
contrast,22.2-2-1
destabilize,45.4
hear,84-1-1,30.1-1-1
choreograph,26.7-2
police,29.8-1
snort,40.2
heal,45.4
handfeed,39.7
head,47.8,10.7
evicerate,42.2
tranquilize,45.4
cheep,38
cheer,31.1,31.3-1
frolic,51.3.2
contrive,26.4
exclaim,37.7
soften,45.4
streak,51.3.2
lift,10.5,9.4
chop,18.2,21.2-2,21.1-1
entwine,22.2-2-1
dissolve,45.1,45.4
soil,9.8
gurgle,43.2,37.3
calm,31.1
call,37.3,29.3,60,13.5.1,38
calk,9.9
paper,9.9
quarantine,16
pipe,43.2,38
nuzzle,36.2
deform,26.6.1
crackle,43.2
reprimand,33
bamboozle,59
immerse,9.1
foxtrot,51.5
dehull,10.8
check,35.2,30.3
reappear,48.1.1
decontaminate,10.8
deject,31.1
strike_up,55.5-1
slather,9.7-2
glare,40.2,30.3,43.1
televise,25.4
teach,37.1.1-1-1
hybridize,45.4
savor,30.2,31.2
deprive,10.6
target,98
group,22.3-2,47.5.2,29.10
average,108-3
fume,31.3-8,31.3-1
harass,31.1,59-1
scrimp,54.5
magnify,37.12,45.4
visit,36.3-1
lessen,45.4
wait,47.1-1
diversify,45.4
overturn,45.4
wail,43.2,37.3,38
memorize,14-2
partner,71,29.8-1
black,9.9
batter,18.1-1
further,102
soak,9.8,45.4,10.4.1
impress,31.1
view,30.2,29.2-1,29.9-1
soap,41.2.2
explain,37.1.1,78-1
soar,51.3.1,45.6-1
tunnel,35.5
modulate,45.4
decompose,45.5,47.2
blackmail,59-1
delouse,10.8
acclaim,33
adhere,22.5
weaken,45.4
donate,13.2-1-1
perch,47.6,9.2-1,50
skirt,47.7,47.8
unglue,23.3
waft,47.3
sizzle,43.2
compliment,33
glimpse,30.2
boat,51.4.1
afflict,31.1
represent,29.2-1-1
sock,18.3
sit,47.6,9.2-1,50
sip,39.2-2
conform,26.9
sin,71
forage,35.5
deepen,45.4
inflate,45.4
construct,26.4,45.4
conceive,29.2-1,97.2
bound,47.8,51.3.2
go_about,98
wobble,49,47.3
fleece,10.6
babble,43.2,37.3
snivel,40.2
photocopy,25.4
straggle,47.7
perambulate,51.3.2
pigeonhole,29.2
mystify,31.1
rocket,51.4.1,45.6-1
submerge,45.4
wrench,10.1
light,26.3-1,45.4
fossilize,45.4
wallpaper,9.9
defeather,10.8
dispossess,10.6
saddle,9.9,13.4.2-1
better,90
scowl,40.2
sprout,43.4,45.5,45.4,47.2
lasso,22.4
walk,51.3.2
sew,22.3-2,9.7-1,26.1
terminate,55.4
sprawl,47.6,50
barge,11.5-1
advertise,35.2
thatch,9.9
set,25.1,9.1-2,41.2.2,26.3-2,59-1
shrill,43.2
perplex,31.1
bear_on,86.2-1
enhance,45.4
wake,45.4
skate,51.4.1-1
slaughter,42.1,13.5.1
consolidate,22.1-1,22.2-1-1,22.2-2-1
shrimp,13.7
audit,34.1
preen,41.1.1
languish,47.1-1
feud,36.4-1
throng,47.5.1-2
haggle,36.1
diminish,45.4,45.6-1
see,29.9-1-1,30.1-1,29.2-1
trammel,22.4
recollect,29.2-1-1
outlaw,29.7
fleck,9.8
shackle,22.4
scorn,33
yield,13.3,95
spy,30.2
glide,51.3.1,51.3.2
concern,31.1,86.2-1
cajole,59-1
score,13.5.1-1
halter,9.9
persist,47.1-1
chew,39.2-1
deliver,11.1
weekend,56
combine,22.1-1-1
approximate,54.4,34.2
embrace,36.2
inhibit,67
vociferate,37.3
sow,9.7-1
heighten,45.4
sop,9.3
credential,101
emasculate,45.4
sod,9.9
salve,9.9
sob,40.2
satellite,37.4
crayon,25.2
moralize,37.11-1
terrify,31.1,59-1
merge,22.1-1-1
mantle,9.9
hammer,18.4-1,18.1-1,9.3-2-1,26.1
garrotte,42.2
nasalize,45.4
counsel,37.9-1
sign_up,13.5.3
nominate,29.1
kindle,26.3-1,45.4,27
scour,35.2,10.4.1-1
birch,18.3
scout,35.2
deflower,10.8
pollute,9.8-1
wince,40.5
fanaticize,45.4
detonate,45.4
interview,37.1.3
taunt,31.1
design,26.4-1
jabber,37.3
snub,33
cause,27
bifurcate,45.4
char,45.4,45.3
disgrace,31.1
permit,64,65,60
empathize,88.2
vulcanize,45.4
study,30.2,84-1-1,14-1,34.1
chat,37.6
misconstrue,87.2
concatenate,22.3-2-1
wager,94,70,54.5
level,44,45.4
sadden,31.1,31.3-1
instruct,37.9-1
gobble,39.3-1,38
gather,22.3-2,47.5.2,97.2,13.5.1
shanghai,10.2
ski,51.4.1-1
overlap,22.2-1
appropriate,13.5.2
escort,29.8-1,51.7
doubt,29.5-1,33
suck,39.2-2,10.4.1-1
splutter,43.2,37.3
wade,51.3.2
sashay,51.3.2
dally,53.1
stuff,9.7-2
mother,29.8-1
intersect,47.8-1
thin,45.4
bridge,47.8
crucify,42.2
release,80-1
appreciate,31.2,45.6-1
demobilize,45.4
cackle,40.2,37.3,38
reconstitute,26.4-1
disabuse,10.6
affect,31.1
bellow,43.2,37.3,38
stabilize,45.4
civilize,45.4
scoot,11.2,51.3.2
affiliate,22.2-2
slither,51.3.2
sort_out,29.10
scoop,9.3
read,37.1.1-1,84-1-1,37.1.1,54.1-1,14-1,14-2-1
stigmatize,33
bobsled,51.4.1
evolve,48.1.1,26.2
abstract,10.1
ionize,45.4
unhook,23.3
europeanize,45.4
coach,51.4.1,29.8-1
mellow,45.4
pester,31.1
esteem,29.9-1,31.2
shriek,43.2,37.3
shuck,10.7
reap,10.1
eradicate,10.1
venerate,31.2
hiccup,40.1.1
bleach,45.4
loosen,45.4
curdle,45.4
occupy,31.1
worry,31.3-8,31.3-2,31.1,88.1-1
grunt,37.3,38
guide,51.7,59-1
constitute,55.5
compound,22.1-1-1
desalt,10.8
fight,36.3-2,36.4-1
redeem,10.5
braid,41.2.2
rarefy,45.4
quail,40.5
crisscross,47.7,22.2-2-1
neutralize,45.4
intrude,48.1.2
tussle,36.4-1
calumniate,33
vanish,48.2
bustle,47.5.1-1
shell_out,13.2
scheme,71
snow,57
clang,18.4-1,43.2
recommence,55.1-1
acidify,45.4
murmur,43.2,37.3
happen,48.3
brain,18.3
clank,43.2
turn,26.6.2,40.8.3-1-1,26.6.1-1,47.7,40.3.2,51.3.1
figure_out,84-1-1,84
turf,9.9
sculpt,26.1-1
cadge,13.5.2
profess,29.4-1-1-3
slobber,40.1.2-1
crimp,41.2.2
shower,57,9.7-1,41.1.1,17.2
popularize,45.4
roost,47.6
transfix,31.1
rhyme,22.2-2-1
secularize,45.4
bore,21.2-2,31.1,35.5
undress,41.1.1
estimate,54.4,34.2
seduce,59-1
document,25.4
figure,22.2-3-1,70
smarten,45.4
urinate,40.1.3-1,40.1.2-1
hee-haw,38
assess,54.4,34.1,34.2
pauper,29.7
bestrew,9.8
jut,47.6
direct,26.7-1
stammer,37.3
take_over,93
prosecute,33
erect,26.1
boss,29.8-1
reek,43.3
purify,10.6,45.4
reel,40.8.2
circumvent,52
fault,33
swindle,10.6-1
loiter,53.1
back_off,82-2
deflate,45.4
clamp,22.4-1
succumb,95
shunt,11.1
assert,48.1.2,29.5-2
quake,47.3,40.6
kvetch,37.8
decrease,45.4,45.6-1
oblige,59
fear,31.2-1,31.3-3
scold,33
detain,92
relate,37.7-1,107,86.2-2
scavenge,35.2
detail,29.2
salaam,40.3.3
categorize,45.4,29.10
ruminate,31.3-8
loose,45.4
whish,43.2
typecast,29.2
confer,37.6,36.1
scrounge,35.1
whisk,22.3-1-1,18.3,10.4.1
overstress,37.12
commit,79,92-1
cherish,31.2
jug,9.10
microfilm,25.4
quaff,39.3-2
taper,45.4
ululate,43.2,38
bribe,59-1
latch,22.4
stump,31.1,51.3.2
swoon,31.3-1,40.8.4
oink,38
pearl,13.7
stupefy,31.1
encourage,37.9,59,77,31.1,102
recite,37.1.1,26.7-1-1
hallucinate,31.3-8
scoff,40.2
eruct,40.1.1
thaw,57,45.4
take_on,98,93
modem,37.4
model,26.4,29.8-1
humble,31.1
narrate,37.1.1
brick,9.9
telecast,37.4
tousle,45.4
sum,108
straddle,47.6,47.8,50
sup,39.5
cooperate,73-1,36.1
disgust,31.1
grumble,37.8,37.3
complete,55.2
elaborate,37.11-1-1
clutch,15.1-1
feed,39.7,39.6,54.3
rebuild,26.4
rust,45.5,47.2
bowl,51.3.2
feel,29.5-1,35.1,30.1-1,30.4,31.3-3,29.9-2
rush,53.2,59,51.3.2
cease,55.4-1
negotiate,36.1
promise,13.3,37.13
decelerate,45.4
punish,33
institutionalize,92
cleanse,10.6,41.1.2
reason_out,97.2
blink,40.3.1-1,43.1,40.1.1
salivate,31.3-8,40.1.1
distort,26.5
cleave,45.1,21.2-1,22.5
grow,48.1.1,26.2,45.4,45.6-1,47.2,26.1
scribble,25.2
dissuade,67
claim,37.7-1,29.5-2
relish,31.2
descend,47.7,51.1
desex,10.8
brief,37.9
tag,9.9,25.3
accept,77,29.2-1-1,13.5.2
putter,43.2
toddle,51.3.2
cuckoo,38
bring,11.3-1
synthesise,55.5-1
corrupt,45.4
conceal,16
chicken_out,82-1
whisper,43.2,37.3
intimate,37.7
emboss,25.1
choose,13.5.1
inerpolate,108-2
wind,26.5,47.7,9.6,51.3.1,10.7
wink,40.3.1-1
plonk,43.2
moped,51.4.1
prevent,67
boil,26.3-2,45.3
soldier,29.8
criticize,33
tax,54.5
cuckold,29.7
incubate,45.4
shrink,40.5,45.4
tar,9.9
diffract,45.4
tap,17.1-1,18.1-1,35.4
tan,45.4,41.1.1
intersperse,9.8,22.2-2-1
snip,21.1-1
kneel,47.6,40.3.3,50
rend,45.1
brunch,39.5
dedicate,79
wane,45.5
probe,35.2
shack_up,46
rent,13.1-1,13.5.1
jostle,12-1-1
want,32.1-1-1,60,29.1
steal,10.5,48.1.1,13.5.1-1
concede,13.3
rely,70
edge,9.8,47.7,47.8
hijack,59-1
inflame,31.1
segregate,23.3,23.1-1
crisp,45.4,45.3
stub,40.8.3-1
wipe,10.4.1-1,9.3-2
astonish,31.1
bulge,47.5.3,47.2
quash,106,42.3
unbutton,23.3
ferret,35.6
mistime,54.1
ladle,9.3
stun,31.1
disembowel,42.2,10.8
brand,29.3-1,25.3
stud,9.8
steam,43.4,45.3
displease,31.1
bolt,39.3-1,51.1-2,22.4,51.3.2
malign,33
lie_down,50
wish,62,32.2-1
ruin,44
surmount,47.8
subsist,39.6
back_out,82-1
compromise,36.1
enquire,37.1.2
baptize,29.3-1
caress,20-1
accuse,81
murder,42.1
succeed,74-1
clasp,15.1-1,22.4-1
wire,37.4,11.1-1,22.4
eddy,47.3
tinkle,43.2
class,29.10,29.2
sense,30.1-1
unclip,23.3
dissent,36.1
bully,29.8-1,59-1
pierce,19
hypnotize,31.1
wave,47.3,40.3.1-1,41.2.2
hatch,26.2
summon,60
expunge,10.4.1
trudge,51.3.2
rest,47.6,9.2-1
barbecue,45.3
clash,18.4-1,43.2,36.4-1
warn,37.9-1
stop,67,46,55.4-1
warm,45.4
voice,37.7
incense,31.1
knead,26.5,20-1
stow,9.1-1
dismantle,23.3
outweigh,90
coast,51.3.2
warp,45.2
bond,22.3-2-1
chortle,40.2
dice,21.2-1
reclassify,29.10
caddy,29.8-1
postmark,9.9
desist,69
bone,10.7
rule,29.3
triple,45.4
wash,10.4.1-1,41.2.1,9.7-1,26.3-2,41.1.1
bonk,18.3
mean,29.5-1,62
percolate,43.4,45.3
perturb,31.1
envelop,47.8
distress,31.1
desire,32.1-1-1,32.1
avow,29.5-2
matter,31.4-3,91
consecrate,29.3-1
gesture,40.3.1-1
precipitate,57
steep,45.4,45.3
manicure,41.2.2
revel,31.3-5
distrust,31.2
shush,45.4
observe,37.7-1,29.5-2,30.2,35.4
steer,51.7
book,13.5.1
skipper,29.8-1
boom,43.2,37.3,38
seethe,31.3-8,47.5.3,47.2
rejuvenate,31.1
defrost,45.4,10.8
mizzle,57
take place,48.3
warehouse,9.10
gripe,37.8
flutter,47.3,40.3.2
corrugate,45.4
nickname,29.3-1
conquer,42.3
detassel,10.8
patter,43.2
overcast,47.8
interleave,9.8
pencil,25.2
situate,9.1
scutter,51.3.2
project,47.6,34.2
divulge,37.7
shorten,45.4
pick_up,84-1
urge,58.1
twine,9.6
bin,9.10
innovate,55.5
nail,22.4
muzzle,9.9,42.3,22.4
siphon,10.4.2-1,9.3
rival,98
refrain,69
splinter,45.1
invert,45.4
grind,40.3.2,21.2-1,26.1
stumble,51.3.2
tell,37.1.1-1-1,37.2-1
dogsled,51.4.1
define,48.1.2,29.2-1-1
stir,22.3-1-1,47.3,31.1
cudgel,18.3
pre-empt,98
gratify,31.1
drown,40.7,42.2
falter,47.3
subjugate,42.3
invest,13.4.2
rupture,40.8.3-1-1,45.4
joggle,47.3
amerce,54.5
sneer,40.2
interact,36.1
enchant,31.1
spoonfeed,39.7
bob,47.3,41.2.2,40.3.3
broadcast,37.4
dodder,51.3.2
cruise,51.4.2
tally,108,25.4
snuff,40.1.1
astound,31.1
enervate,31.1
sweeten,45.4
monitor,35.4
outshine,90
crack,18.4-1,43.2,18.3,45.1
sift,35.2,23.3
desalinate,45.4
utter,37.7
sign,25.1,37.4,13.5.3
discern,30.1-1
devalue,45.4
offend,31.1
hay,13.7
vibrate,47.3,45.4
sigh,40.2
overemphasize,37.12
chronicle,25.4
measure,54.1-1
scrutinize,30.2,35.4,34.1
exercise,26.8,41.1.1
enact,26.7-1
pat,20-1
invent,26.4,26.3-1
paw,18.2,20-1,35.5
pilot,29.8-1
name,29.3-1,29.1
spoil,45.5
pay,68
pan-broil,45.3
rankle,31.1
quarrel,36.4-1
pad,9.8,51.3.2
putty,9.9
depend,47.1-1,70
forge,25.2,26.1,25.4
annotate,25.1
pan,35.1
amplify,37.12,45.4
bop,51.5
box,36.3-2,9.10
bow,47.6,47.3,95,40.3.3,50
forgo,75-1-1,52
sneak,10.5,11.1-1,51.3.2
suffuse,9.8
bereave,10.6
lobby,58.1
verify,78-1-1,37.1.1,101
debowel,10.8
package,22.3-2-1
involve,107,103,86.2-1
highlight,41.2.2
singe,45.4
crumble,45.4,21.2-1
hew,23.2,21.1-1
lance,21.2-2
blend,22.1-1-1,26.3-1
nullify,106
coldcream,41.2.2
assault,33
smile,40.2
crepitate,43.2
isolate,16,29.10
ban,67
transfer,13.2-2,11.1
teem,57,47.5.1-1
bag,9.10
misapprehend,87.2
unhinge,23.3
baa,38
dislodge,10.1
bay,38
perfume,9.9
bat,17.1-1,40.3.2
compensate,13.4.2-1-1,33
bar,67
dehumidify,45.4
foam,43.4,47.2
snicker,40.2
foal,28
huddle,47.6,47.5.2
obliterate,44
spout,43.4
treble,45.4
gossip,37.6
deforest,10.8
butt,18.4-1,18.1-1
listen,30.3,35.5
twirl,26.5,51.3.1,47.2,9.6-1
lubricate,9.9
glutenize,45.4
overhear,30.2
stay,47.1-1,46
overheat,45.3
impede,67
star,29.8-1-1
exceed,90
void,106
exclude,65
scuttle,51.3.2
pen,9.10
pet,36.2
twist,26.5,40.8.3-1-1,47.7,51.3.1,9.6-1
stab,18.2,19,42.2
pee,40.1.2
translate,26.6.1
peg,54.4,22.4,29.2
force,59
interlock,22.2-2-1
petrify,45.4
pawn,13.1-1
nitrify,45.4
grill,26.3-2,45.3
spoon,36.1,9.3-2
glimmer,43.1
americanize,45.4
neighbor,47.8
toughen,45.4
type,25.2,25.4
padlock,22.4
spook,31.1
spool,9.10
hit,18.4,47.8-1,17.1-1,51.8,40.8.3,18.1-1
tear,40.8.3-1-1,23.2,45.1,51.3.2
buzz,47.5.3,43.2,38
exact,13.5.2
disseminate,13.2-1
pave,9.8
ply,13.4.2
rearrange,26.4-1
arm-twist,59-1
cycle,51.4.1-1
approve,31.3-6,64,33
clack,43.2
beg,58.2,58.1
detach,23.3
bed,9.10
quack,38
botch,45.4
enter,51.1
team,22.2-2
overstep,90
bless,33
bet,94,70,54.5
coddle,45.3
yowl,38
grease,9.9
appoint,29.1
ease,10.6-1,45.4
skitter,51.3.2
smirk,40.2
tolerate,64,31.2
compute,26.4
vacuum,10.4.2-1
stew,45.3
despair,31.3-6
zip,22.4
drizzle,57,9.7-1
applaud,33,31.2
inject,9.8
play,36.3-1,26.7-1-1
fatten,45.4
bloom,45.5,47.2
enrich,9.8
pass,13.1,66,48.3,47.7,11.1-1,17.1-1,104
depressurize,45.4
illuminate,25.3
plan,62
pin,22.4
pip,10.7
enrage,31.1
pit,10.7
stem,48.1.1,10.7
earn,13.5.1-1
step,51.3.2
appraise,54.4,34.1
chirrup,38
covenant,89
bellyache,37.8
swirl,22.3-1-1,47.3,9.6
strew,9.7-1
madden,31.1,31.3-1
deluster,10.8
parch,45.3
pop,43.2,45.4
deluge,9.8
pot,9.10
emcee,29.8-1
cavort,51.3.2
prostitute,29.8
terrorize,31.1
pod,10.7
awaken,48.1.1,45.4
integrate,22.2-1,22.2-2
bunt,17.1-1
prove,29.4-1-1,78-1-1,97.2
whoop,37.3
wallow,31.3-5
vote,13.3,29.3,13.5.1
canter,51.3.2
sledge,51.4.1
doze,40.4
sire,27
allure,59-1
quiet,45.4
badger,58.1
catholicize,45.4
nick,10.5,21.2-1,40.8.3-2
crane,40.3.2
wallop,18.3
poach,35.1,26.3-2,45.3
sidestep,52
fetter,22.4
surprise,31.1
traipse,51.3.2
flagellate,18.3
splatter,9.7-1
hobble,51.3.2
intercept,98
swipe,18.2,10.5
euthanize,42.1
superimpose,9.1
bump,18.4-1,18.3,18.1-1,40.8.3-2
modernize,45.4
haunt,31.1
aggrieve,31.1
birdnest,13.7
gawk,40.2,30.3
perspire,40.1.3-1
repress,42.3,16
catalogue,29.10
deter,67
weed,10.4.1,10.7
coarsen,45.4
harmonize,22.2-2-1,45.4,89
wedge,9.3-2-1
allocate,13.3
swoosh,43.2
divide,108-1,45.4,23.1-1
kidnap,10.5
exhibit,48.1.2
wrinkle,45.2,40.3.2
scamper,51.3.2
weep,40.2,40.1.2,31.3-3
encrust,9.8
lumber,51.3.2
prowl,35.2,51.3.2
titillate,31.1
down,39.4-1
k.o.,18.3
reheat,45.3
sulphur,9.9
unload,10.4.1
swelter,57
strap,18.3,22.4
splash,43.2,9.7-1
remit,13.2
bend,47.6,26.5,47.7,45.2,50
stray,51.3.2
re-emerge,48.1.1
calibrate,54.4
redden,45.4
rebel,71
spraypaint,25.2,24
crash,18.4-1,43.2,45.1
engender,27
burr,43.2
control,63
imagine,29.9-1-1-1,29.2-1-1,62
burp,40.1.1
discontinue,55.2
bury,9.1-1
prolong,55.6
tumble,22.1-1,47.7,51.1-2,45.6-1
lurch,51.3.2
drench,9.8
salute,40.3.3,33
protract,55.6
belt,18.3,22.4
unfix,23.3
burn,45.5,43.1,45.4,40.8.2,47.2,40.8.3-2,40.8.1
burl,10.7
truncheon,18.3
westernize,45.4
can,10.10,9.10
crush,31.1,45.1,42.3,21.2-1
cap,9.9,47.8
intertwine,22.2-2-1
sniffle,40.1.1
canoe,51.4.1-1
caw,38
cab,51.4.1
ornament,9.9,9.8,25.3
skyrocket,45.6-1
readapt,26.9
transmit,11.1-1
enclose,47.8
argue,37.6,36.4-1,36.1-1-1
pry,10.1,23.2,37.1.2
regret,31.2-1
swish,43.2
nudge,17.1-1,11.4,12-1-1,20-1
degrit,10.8
subcontract,13.5.3
rekindle,45.4
gaze,30.3
wean,10.6
crate,9.10
wear,41.3.1,10.4.1-1
curve,26.5
smolder,47.2
disperse,45.4
unstitch,23.3
sustain,55.6
gum,22.4-1
shadow,51.6
initiate,55.5-1
dissatisfy,31.1
dehair,10.8
unlock,23.3
gape,40.2,30.3
disclose,37.7,78-1-1
manacle,22.4
exile,36.4
plough,10.4.2
winkle,10.1
disassociate,23.1
bisect,45.4
referee,29.8-1
buff,10.4.1
eviscerate,10.8
inspect,30.2,35.4
renounce,10.11
simmer,45.3
disconcert,31.1
put,9.1-2
open_up,55.5-1
pup,28
block,67,9.8,16
switch,13.6-1,26.6.2-1
dispirit,31.1
defuzz,10.8
overdraw,37.12
stemmer,37.3
fluctuate,45.6-1
gondola,51.4.1
douse,9.8
transport,31.1,11.1
delete,10.1
gyrate,49
imprison,9.10
despise,31.2-1
equivocate,53.1
cinch,22.4
gut,10.7
contribute,13.2-1-1-1
anguish,31.3-8
tarnish,45.5,47.2
curry,41.1.2
decentralize,45.4
sleepwalk,51.3.2
interrogate,37.1.3
testify,37.11-1
bug,31.1
curse,33
standardize,45.4
bud,45.5
beget,27
bus,51.4.1,11.5-1
buy,13.5.1
rename,29.3
introduce,22.2-3-1,55.5-1
improvise,26.4,26.7-1
travel,51.3.2
beep,43.2
rumble,43.2,37.3,38
preserve,85
disguise,9.8
pickpocket,10.5
reproduce,45.4
hurry,53.2,51.3.2
engrave,25.1
survey,30.2,35.4
extradite,10.2
swing,47.6,51.3.1,47.2,9.6-1
swill,39.4-2
disapprove,31.3-6
paint,25.1,25.2,26.7-2-1,9.9,41.2.2,24,29.2
sink,45.4
strip,10.6,10.4.1-1,41.1.1
mollify,31.1
hush_up,42.3
ensue,48.3
jump,45.6-1,51.3.2
picture,29.2
chitter,43.2,38
smack,18.4-1,40.3.2,18.1-1
sing,43.2,37.3,26.7-1-1
rejoice,31.3-8,31.3-5,31.3-2,31.3-1
stretch,47.7,45.2,40.3.2
quantize,34.2
pitch,17.1-1
encumber,13.4.2-1-1
spatter,9.7-1
trolley,51.4.1
erase,10.4.1-1
fluster,31.1
imbue,9.8
eject,10.1
gash,18.3,21.2-1
burrow,35.5
gasp,40.2
resort,26.6.2
comprehend,87.2-1
exist,47.1-1,39.6
boycott,52
importune,58.2
calcify,45.4
eschew,52
garb,41.3.3
begin,55.1-1
pulsate,47.3
hunch_up,50
tower,47.6,47.1-1
antagonize,31.1
belittle,33
towel,41.2.2,10.4.2
foreknow,29.5-1
rifle,35.2,10.6,35.5
feminize,45.4
change_over,26.6.2-1
swaddle,9.8
rivet,22.4
auction,54.4
mechanize,45.4
store,15.2,54.3
entertain,31.1
storm,57
supervene,48.1.1
glaze,9.9,24
mutilate,44
jeep,51.4.1
deem,29.9-1
ravage,44
sail,51.4.2
jeer,40.2
switch_over,26.6.2-1
regurgitate,40.1.3-1
forgive,33
harness,9.9,22.4
plate,9.8
confess,37.7-1,37.10
trawl,35.2
quadruple,45.4
ail,40.8.1
aim,62
voyage,51.4.2
paste,22.4-1
butter,9.9
air,45.4
doff,41.3.1
go,47.7,51.1-2
boogie,51.5
gift,13.2
mold,47.2,26.1
satisfy,31.1
raise,40.3.2,9.4
lope,51.3.2
indicate,78-1
scallop,45.3
aid,72-1
shrug,40.3.1-1
zing,43.2
domesticate,45.4
degrade,45.4
strut,51.3.2
consider,29.9-1-1-1
repute,29.5-1
come_around,26.6.2
loop,9.6,45.4,22.4
thieve,10.5
deck,9.8
loom,47.6,47.1-1
fasten,22.3-2-1
look,30.4,30.3,35.5
bear,31.2
install,9.1-1,29.1
allege,37.7
ooze,43.4
beat,22.3-1-1,26.5,43.2,40.3.2,18.1-1
predispose,96
wreck,44
extrapolate,108-2
stoop,47.6,50
gain,13.5.1-1,45.6-1
molt,45.5
succor,72
yen,62
calm_down,42.3
suppurate,47.2
staple,22.4
overreach,90
beam,40.2,43.1
dwell,47.1-1,37.11-2,46
catnap,40.4
motorbike,51.4.1-1
quiver,47.3,40.6
stone,42.2,17.2,10.7
long,32.2-1
defang,10.8
dock,9.10-1
break_apart,45.1
deal,83
expose,48.1.2,78
capture,10.5
eavesdrop,30.3
gill,10.7
groove,9.9,31.3-7
gild,9.8,25.3
befriend,71
vault,51.3.2
itch,32.2-1,40.8.1
drain,10.3-1,10.6-1,45.4
sanction,64,33
defame,33
holiday,56
loll,47.6
inveigle,59
lighten,45.4
promulgate,37.7
thrive,47.1-1,39.6
enforce,63
lend,13.1
stomp,51.3.2
redress,13.4.2-1
collect,22.3-2,26.5,47.5.2,45.4,13.5.2
depress,31.1
mushroom,45.6-1,13.7
plagiarize,10.5
gall,31.1
simulate,55.5-1
boast,37.8
garage,9.10
nettle,31.1
chisel,26.1
rearm,13.4.2-1
recommend,48.1.2,37.7-1-1,33
notch,21.2-1
scandalize,31.1
sack,10.10
sponge,10.4.2,13.7
bluster,37.3
convulse,40.6
degrease,10.8
speed,51.3.2
cram,9.7-1-1,14-1
carbonize,45.4
lynch,42.1
sponsor,29.8-1
depopulate,10.6
crab,37.8,13.7
shed,43.4
reckon,70,29.9-1
quarry,35.2,10.9
color,24
yap,37.3,38
approach,98,51.1-2
accompany,51.7
yak,37.6
suckle,39.7
roust,10.1
bow_out,82-1
electrocute,42.2
bother,31.3-2,31.1,40.8.1
camouflage,29.6
activate,45.4
knock_off,10.5
rouse,59
correct,45.4
button,22.4
feast,39.5
prosper,47.1-1,39.6
perforate,21.2-1
tramp,51.3.2
move,31.1,11.2,51.3.1,45.6-1
dong,43.2
vilify,33
plink,43.2
gladden,31.1,31.3-1,45.4
disillusion,31.1
endorse,25.3
board,9.9,46
commend,33
threaten,31.1
sling,17.1-1,9.1
spellbind,31.1
slink,51.3.2
delay,53.1-1
comment,37.11-1-1
accumulate,47.5.2,13.5.2
plant,9.1-1,9.7-2,55.5-1
exterminate,44,42.1
strain,10.4.1,40.8.3-2
crew,29.8-1
plank,9.9,45.3
click,18.1,43.2,40.3.2
surround,9.8,47.8
banish,10.2
crave,32.1-1,32.2-1,32.1
thrill,31.3-9,31.1,31.3-1
totter,49,47.3,51.3.2
tiptoe,51.3.2
somersault,51.3.2
wrangle,36.4-1
gambol,51.3.2
inhale,40.1.3-2
sharpen,45.4
disquiet,31.1
dope,9.9
wriggle,49
crawl,47.7,47.5.1-1,51.3.2
illustrate,37.1.1,25.3
reaffirm,29.5-2,78-1-1,31.2
tether,22.4
hoard,15.2
bitch,37.8
archive,9.10
puff,43.4
produce,26.4,27,26.7-2
reveal,37.7-1,48.1.2,78-1-1,37.10,29.2-1-2
mingle,22.1-1-1,36.1
cohabit,36.1
coexist,47.1-1,36.1
bracket,47.8,22.4,29.10
fatigue,31.1
deworm,10.8
love,31.2-1
instigate,27,55.5-1
trail,51.6
age,45.4
value,54.4,31.2
train,13.5.3
spell,25.2
hurtle,51.3.2
unpeg,23.3
reiterate,37.7-1
deplete,10.6
scream,43.2,37.3
abbreviate,45.4
glance,30.3
ink,25.2,9.9
dapple,9.8
remonstrate,36.3-1
endure,47.1-1-1
co-occur,86.1
moon,31.3-8,31.3-2
walk_through,26.8
moor,22.4,22.3-2-1
drift,47.3,51.3.1,51.3.2
blur,45.4
add,37.7,108,22.1-2
gibe,33
mope,31.3-8
corrode,45.5,45.4,47.2
radiate,43.4
frustrate,31.1
celebrate,33
transcribe,25.4
doll,41.3.2
dispose,96
expel,10.1,10.2,10.10
smash,18.4-1,45.1,17.1-1,21.2-1,18.1-1
yip,38
know,29.5-1,29.9-1-1,29.2-1
insulate,9.9
knot,22.4
spend,68,66-1
lose,13.2
scrunch,45.2,21.2-1
squeal,43.2,37.3,38
squeak,43.2,37.3,38
shear,10.4.2-1
tighten,45.4
act,29.6-1
smart,40.8.2
mutate,26.6.1
bench,9.10
show_up,48.1.1
repopulate,9.8
hoover,10.4.2
ready,26.3-1
spot,30.2,57,9.8
umpire,29.8-1
doodle,25.2
fluoresce,43.1
lacquer,24
commercialize,45.4
place,9.1-2
castigate,33
knee,18.3
slack,45.4
hoodwink,59-1
attain,13.5.1
yank,23.2,12-1,15.1-1,11.4
tantalize,31.1
journey,51.3.2
idolize,31.2
cling,43.2,22.5
loan,13.1
acquaint,37.2
clink,43.2
grace,9.8
bristle,47.5.3,47.2
appease,31.1
loaf,53.1
trademark,101
disparage,33
moisturize,41.1.1
anesthetize,45.4
load,9.7-2
flabbergast,31.1
hop,47.5.1-1,51.3.2
presume,29.5-1
climb,47.7,51.1,45.6-1,51.3.2
etch,25.1
motorize,45.4
harm,31.1
punt,51.4.1,17.1-1
give,13.1-1
plow,10.4.2-1
solidify,45.4
plunk,43.2
gravel,9.9
hoe,9.3
irritate,31.1
plot,25.2,36.1
steam-bake,45.3
shrivel,45.4
descry,30.2
grade,29.10
aromatize,9.9
denote,78
slide,11.2-1,51.3.1,51.3.2
africanize,45.4
scratch,18.2,25.2,10.4.1-1,21.1-1,40.8.3-2,35.5
procrastinate,53.1
transcend,90
park,9.1-1
respire,47.2
induce,59
schmooze,37.6
alkalify,45.4
strangle,42.3,42.2
pare,23.3
incline,96
rinse,10.4.1-1,41.2.2
plop,48.1.1,47.6,43.2,50
concoct,26.4
necessitate,103
orphan,29.7
plumb,35.2
string,9.9,9.7-1,22.4,9.10,10.7
nobble,10.5
slice,18.2,23.3,21.1-1,21.2-1
frighten,31.1,59-1
plod,51.3.2
part,41.2.2,23.1-2
December,56
ogle,30.3
keep,55.6,15.2
flinch,40.5
hug,36.2,47.8
pull,40.8.3-1-1,23.2,12-1,15.1-1,11.4,13.5.1
frost,45.4
crow,37.3,38
pulp,10.7
round,45.2
crop,21.2-2,41.2.2
exasperate,31.1
shingle,9.9
knit,40.3.2,26.1
froth,47.2
welcome,65,33
submit,95,13.2-1-1
fowl,13.7
team_up,71
pump,9.7-1
pale,45.4,40.8.4
demoralize,31.1
reduce,42.3,76
finish,55.4-1
germanize,45.4
spur,59
acknowledge,29.9-1,37.10
gamble,94,70
unfasten,23.3
trade,13.6-1
deprecate,33
plait,41.2.2
interpret,29.2
signal,37.4
repeat,37.7-1,26.8,55.4
hang,47.6,9.7-1,40.3.2,42.2,9.2-1,50
shun,52
consume,66,39.4-1
hand,11.1-1
reach,51.8,13.5.1
shut,45.4
deny,29.5-1
puke,40.1.2
implement,55.5-1
drawl,37.3
lengthen,45.4
dent,21.2-1
react,31.3-9
muddle,22.2-2,31.1
consult,36.3-1,37.1.2,36.4
separate,10.1,23.1-2,29.10
accurse,33
trace,25.2
track,35.3,51.6
trill,43.2,37.3,38
pant,40.1.1
cancan,51.5
praise,33,29.2
halt,45.4,55.4
shell,10.7
sully,9.8
examine,30.2,35.4
bottlefeed,39.7
relay,37.4,37.1.1
relax,31.1
test,35.4
unbuckle,23.3
excuse,33
insist,37.7
oscillate,47.3
pluck,10.4.1-1,41.2.2,13.5.1
expect,29.5-1,62
open,48.1.1,47.6,45.4,40.3.2,55.5-1
page,35.5
describe,29.2-1-1
cauterize,45.4
readjust,26.9
arm,13.4.2-1
incarcerate,92
exalt,31.2
unscrew,23.3
fork,9.10
form,26.4,48.1.1,48.1.2
abhor,31.2
prepare,26.3-1,55.5-1
shut_up,42.3
yawn,40.2,40.1.1
go_on,55.1
retch,40.1.2-1
skirmish,36.4-1
present,48.1.2,13.4.1
disentangle,23.1-1
harden,45.4
plug,9.8
decry,33
mortify,31.1
ask,37.1.2,58.2,58.1,60-1
shit,40.1.2
confederate,22.2-2
picnic,39.5
pair,22.3-2,22.2-2,22.1-2-1
ship,11.1-1
neglect,75-1-1
pain,31.1,40.8.1
squander,68,66-1
pilfer,10.5
delight,31.3-8,31.3-5,31.1
spit,57,40.1.2,9.10
expectorate,40.1.3-1,40.1.2-1
engage,22.2-3-2,107,31.1,13.5.3
agonize,31.3-8,31.1
evaporate,45.4
outrage,31.1
loft,17.1-1
winnow,10.4.1
litter,9.8,28
spin,26.7-2-1,9.6,40.8.2,51.3.1,47.2,26.1
acquire,13.5.2-1
delve,35.5
hum,47.5.3,43.2,37.3,40.8.2,26.7-1-1
sequester,10.5,16
spear,21.2-2
mock,33
chastise,33
speak,37.11-1,37.5
semaphore,37.4
frown,40.2
point,40.3.1-1
scatter,9.7-1
attach,22.3-2-1
devise,55.5-1
attack,33
tapdance,51.5
shop,35.2
shoo,10.1
hate,31.2-1
persevere,47.1-1
infer,29.5-1,97.2
show,48.1.2,29.5-2,37.1.1-1-1,78-1-1,40.3.2
pack,9.7-1-1
fool,59-1
butler,29.8-1
dismay,31.1
conserve,13.5.1
disencumber,10.6
garnish,9.8
combat,98,36.4-1
contaminate,9.8
shoe,9.9
sliver,45.1
awe,31.1
rouge,9.9,41.2.2
drape,9.7-2
moan,37.8,40.2,43.2,37.3,38
outstrip,90
contain,47.8,54.3
thumbtack,22.4
reject,77
have,39.4-1,100
object,37.8
push,59,23.2,15.1-1,12-1-1,9.3-2-1,11.4-1-1
purr,43.2,37.3,38
intrigue,31.1
louse,10.7
reunite,36.3-1,36.1
outrace,90
lock,22.4
denounce,33
fold,26.5,45.2,40.3.2,26.1
interrelate,22.2-2-1
term,29.3
menace,31.1
gauge,54.4,34.2
guarantee,29.5-2,13.3,99,37.13
disappear,48.2
haul,11.4
occur,48.3
granulate,45.4
shatter,44,45.1
chance,94-1,48.3
break_up,45.1
deflesh,10.8
furnish,13.4.1-1
knock,18.4-1,23.2,43.2,17.1-1,18.1-1
roll,22.3-2,47.4,23.2,43.2,9.6,11.2-1,45.2,26.3-1,40.3.2,51.3.1,51.3.2,26.1
sprinkle,57,9.7-1
peeve,31.1
banquet,39.5
squall,37.3
grimace,40.2
luxuriate,31.3-5
trick,41.3.2,59-1
inquire,37.1.2
croon,37.3
disorganize,45.4
crook,40.3.2
differentiate,23.1-1
ransack,10.6,35.4
rave,31.3-8
magnetize,45.4
caravan,51.4.1
touch,47.8-1,31.1,86.2-1,20-1
incinerate,45.4
leer,30.3
discombobulate,31.1
immolate,42.1
shamble,51.3.2
justify,37.1.1
roil,47.3,31.1,47.2
net,54.2
hiss,43.2,37.3,38
dishearten,31.1
broil,26.3-2,45.3
scintillate,43.1
sicken,31.3-6,31.1,31.3-1,45.4,40.8.4
mention,37.7-1
chitchat,37.6
overburden,13.4.2-1-1
purple,45.4
curtsey,40.3.3
sit_down,50
hazard,94-1
excel,74-1
enjoy,31.2-1,32.1-1
distill,10.4.1
gasify,45.4
discompose,31.1
feign,55.5-1
bivouac,46
guess,29.5-1,84,34.2
predict,78
hinge,22.4
set_off,51.1-2,27
guest,46
abstain,69
root,35.5
change,13.6-1,26.6.1-1,45.4,41.1.1
lead,59,51.7
leaf,35.5
march,51.3.2
diverge,23.4
rope,22.4
inundate,9.8
entrust,13.4.1-1
aggravate,31.1
execute,42.1
lesgislate,71
fax,37.4
sequin,9.9
watch,35.2,30.2
moisten,45.4
whoosh,43.2
molest,31.1
label,9.9,29.3-1,25.3
rattle,43.2,38
fumble,35.5
borrow,13.5.2
fascinate,31.1
roof,9.9
lean,47.6,9.2-1,50
warble,37.3,38
leak,43.4,37.7
raze,44
make,26.1-1,29.3,51.8
jangle,43.2
leap,51.3.2
room,46
romp,51.3.2
nap,40.4
disbelieve,31.2
prawn,13.7
hanker,32.2-2,32.2-1
vamoose,51.1-2
wireless,37.4
nab,10.5
intermingle,22.2-1-1,22.2-2-1
glorify,37.12,33
stucco,9.9
deaccent,10.8
mail,11.1-1
hardboil,26.3-2,45.3
cohere,89
maim,44
sandpaper,10.4.2
relinquish,13.2
freeze,26.5,57,45.4
reimburse,13.2-2-1
venture,37.7,94
debone,10.8
enliven,31.1
tarry,53.1
prickle,40.8.2
glom,22.3-2-1
deposit,9.1-1
get_by,83-1-1
rant,37.11-1,37.3
glow,43.1
rank,29.6,29.2
administer,13.2-1-1
ventilate,45.4
squaredance,51.5
empty,10.3-1,45.4
report,37.7-1,29.9-1,29.2-1-2
contextualize,45.4
scorch,45.4
accelerate,45.4
asphalt,9.9
keep_up,55.6
mangle,21.2-1
nestle,47.6
vacation,56
yammer,37.3
barbeque,26.3-2
silence,42.3,45.4
invigorate,31.1
antique,13.7
overspread,47.1
build,26.1-1,97.1
whelk,13.7
stereotype,29.2
adjust,26.9
squash,26.5,18.1,18.4-1,21.2-1,9.3-2
note,37.7-1,30.2
whelp,28
water,9.9
scrabble,35.5
disgorge,10.1
electrify,31.1
repose,47.6
squelch,43.2,42.3
omit,10.1,75-1
club,18.3
nosh,39.5
square,89
spindle,9.10
nose,35.6
hike,51.3.2
patch,9.9
riffle,35.4
martyr,29.7
apply,105
envy,31.2
set_out,51.1-2
elucidate,37.1.1
croak,37.3,38
retreat,82-3,51.1-2
waken,45.4
wonder,31.3-8,31.3-1,88.1-1
proceed,55.1
obscure,45.4
clatter,18.4-1,43.2
hire,13.5.3,13.5.1
eye,30.2
saunter,51.3.2
punch,18.2,21.2-2
blab,37.7-1
damage,44
dictate,37.1.1-1
blackberry,13.7
console,31.1
blat,43.2,38
restore,13.2
dress,41.3.2,41.1.1
outwit,90
ferment,45.5,47.2
scale,10.7
scald,45.3,40.8.3-2
understudy,29.8-1
whump,43.2
clog,9.8,51.5,45.4
circle,47.8
defog,10.8
distribute,13.2-1
rate,54.4,29.6,29.9-1
squawk,43.2,37.3,38
exhort,58.1
motorcycle,51.4.1-1
rove,51.3.2
mesmerize,31.1
scalp,10.7
hint,37.7-2
deflea,10.8
bottle,9.10
evade,52
schedule,26.4-1
find_out,84-1-1
cultivate,26.3-1
beard,10.7
clothe,41.1.1
accrue,13.5.2
spread,48.1.1,9.7-1,47.2
gleam,43.1
fester,45.5,47.2
glean,14-2
rasp,43.2,37.3
oxidize,45.5,45.4
faint,40.8.4
misunderstand,87.2
guesstimate,34.2
scar,25.1
affront,31.1
blunt,45.4
silkscreen,26.7-2
hasten,53.2,45.4,51.3.2
liquidate,42.1
hide,16-1
communicate,36.1,37.1.1,36.4-1
hustle,59-1
solder,22.4
bundle,22.3-2-1
chirp,37.3,38
hibernate,54.3
unburden,10.6
interlink,22.2-2-1
peddle,13.1
befuddle,31.1
resuscitate,45.4
specify,29.2
admire,31.2
behave,29.6,29.6-1
goose_step,51.3.2
visualize,29.2-1-1
broaden,45.4
machinate,55.5
chase,51.6
restrain,67,76
strike,18.4-1,43.2,31.1,18.1-1
roughen,45.4
abridge,45.4
cringe,40.5,31.3-1
annoy,31.1,59-1
foresee,29.5-1
admix,22.1-1
purloin,10.5
mound,9.7-2
bewilder,31.1
mottle,9.8
jail,9.10
oust,10.1,10.10
admit,29.5-2,65,37.10
alter,45.4,26.6.1
muffle,42.3
charm,31.1
narrow,45.4
mount,47.7,9.1,55.5-1
nut,13.7
mate,36.1,22.2-2-1
reflect,31.3-8
arise,48.1.1
send_away,10.10
glue,22.4
perform,26.7-1
dumbfound,31.1
desecrate,44
eternalize,45.4
glitter,43.1
blurt,37.7-1
warm_up,45.3
snooze,40.4
mobilize,45.4
persecute,33
chink,43.2
forest,9.9
valet,29.8-1
ensnare,59-1
chalk,25.2
effervesce,47.2
avouch,29.5-2
scare,31.1
reopen,45.4
quarter,46
hydrogenate,45.4
cloak,9.9,9.8,47.8
stencil,25.2
bestride,47.8
chant,37.3,26.7-1
revive,45.4
tutor,29.8-1
dirty,9.8,45.4
question,37.1.3
wheeze,43.2,37.3,40.1.1,38
lambaste,33
recount,37.7-1
unleash,23.3
delude,59-1
multiply,45.6,108-1,45.4
mourn,31.3-8,31.3-3,31.2
slant,96,47.7
chill,31.1,45.4
starch,9.9
chime,43.2
attire,41.3.3
consort,36.1
dewater,10.8
ferry,51.4.1,11.5-1
designate,29.1
scan,30.2,35.4
spurt,43.4,9.7-1
lodge,9.10-1,46,9.1
beckon,40.3.1-1
regularize,45.4
articulate,37.7-1
stare,30.3
leaven,9.9
masquerade,29.6
snigger,40.2
pacify,31.1
sacrifice,13.2-1-1
mill,21.2-2
milk,10.6-1,10.7
give_in,95
alleviate,80
mineralize,45.4
exchange,13.6-1
nod,40.3.1-1
stash,9.1-1
spruce,41.3.2
sputter,43.2
braise,45.3
stride,51.3.2
bubble,43.4,43.2
blench,40.8.4
start,55.1-1
deglaze,10.8
prize,31.2
engross,31.1
range,47.7
beautify,45.4
festoon,9.8
quibble,36.4-1
escape,51.1
blanket,9.9,9.8,47.8
gouge,21.2-1
upset,31.1
mine,35.1,10.9
fertilize,45.4
mind,31.3-2,88.1
defecate,40.1.3-1,40.1.2-1
smother,9.8,42.3,42.2
end,55.4-1
pass_on,11.1
slash,21.1-1
assassinate,42.1
shudder,40.6
mutter,37.3
mint,26.4-1
tackle,98
uproot,10.1
blush,40.1.1
dewax,10.8
beggar,29.7
chain,22.4
shuffle,22.3-2,51.5,40.3.2,51.3.2
bloody,45.4
netmail,37.4
concur,36.1,89
elevate,9.4
shred,45.1,21.2-1
procure,13.5.1
midwife,29.8
decline,45.6-1
slate,9.9
mask,9.8
beach,9.10
skip,51.3.2
mash,21.2-1
pull_out,82-1
skin,10.7,40.8.3-2
skim,10.4.1
pan-fry,45.3
mass,22.3-1,47.5.2
embrocate,45.4
incise,25.1
revile,33
varnish,9.9,24
cower,40.5,40.6
annex,10.5
remunerate,33
saponify,45.4
acquit,80-1,10.6-1-1
charcoal,25.2
burgle,10.6-1
dream,62
mark,25.1,29.1
yelp,37.3,38
incite,59,27
yell,37.3,38
get_away,82-2
oven-fry,45.3
crimson,45.4
congregate,47.5.2
tingle,40.8.2
circumcise,45.4
blot,9.8
issue,48.1.1,13.3,13.4.1
thrash,18.3
state,37.7-1
achieve,55.2
veil,9.9,9.8
quench,31.1,42.3
degas,10.8
vein,9.8,10.7
redraw,29.2
conjoin,22.2-2
flatten,45.4,21.2-1
wow,31.1
quote,37.1.1-1
billow,47.2
woo,96
ripen,45.4
plunder,10.6-1
blow,57,23.2,40.3.2,47.2,26.1
flatter,31.1,59-1
unpin,23.3
inch,51.3.2
tense,45.4
engulf,47.8
diagnose,29.2
labour,73-3
amuse,31.1
surpass,90
ruffle,31.1
enlarge,45.4
address,25.3
infect,9.8
shoulder,9.10
chide,33
disconnect,23.3,23.1-2
sunbathe,41.1.1
nip,51.3.2
ordain,29.1
disrobe,41.1.1
miss,31.2
mist,57
total,22.2-2,54.1-1
need,32.1-1-1,103,60
twitch,49,40.3.2
photograph,25.4
abet,72-1
arch,40.3.2
fret,31.3-8,31.3-2
fish,35.1,13.7
set_about,98
exonerate,10.6-1-1
bullock,59
free,80-1,10.6-1-1
jive,51.5
search,35.2
snare,9.10
discharge,10.1,80
blacken,45.4
bleat,37.3,38
apportion,13.3
snarl,37.3,38
rive,45.1
make_out,30.2
graze,39.5,40.8.3,20-1
number,29.10
miff,31.1
smoke,47.2
veer,47.7
clomp,43.2
marvel,31.3-8,31.3-1
commiserate,36.1,88.2
overhang,47.8
ridicule,33
execrate,31.2
chuck,17.1-1
screw,22.4
subdue,42.3
implant,9.1
oil,9.9
trouble,31.1
accommodate,26.9
refund,13.1
wet,45.4
placate,31.1
rendezvous,36.1
sand,9.9
firm,45.4
wed,22.2-3-1-1
vitrify,45.4
abdicate,10.11
unify,22.2-2-1
stain,9.9,9.8-1,24
fire,17.1-1,10.10
emblazon,9.8
volatilize,45.4
forego,75-1-1
goggle,40.2,30.3
disfigure,44
tassel,9.9,9.10,10.7
fray,45.4
bequeath,13.3
lecture,37.11-1
stall,53.1-1
throttle,42.2
intimidate,31.1
make_it,51.1-2
taste,35.3,30.1,30.4
doctor,29.8-1
close,45.4,40.3.2
pause,53.1
poll,10.7
imprint,25.1
weasel_out,10.5
constrict,45.4
unmake,44
wiggle,49,47.3,40.3.2
lollop,51.3.2
think,62,29.9-2
stink,43.3
abase,45.4
get,26.6.2,13.5.1-1
abash,31.1
sting,31.1,40.8.2,20-1
overcharge,54.5
dilute,45.4
stop_up,9.8
gabble,37.3
compress,26.5,45.4
cough,40.2,40.1.2-1
recede,51.1-2
poke,19,35.5
stalk,35.3,10.7
gel,41.2.2
salt,9.9
pound,40.8.2,18.1-1,9.3-2-1,26.1
neck,36.1
abate,45.4
retire,82-3,10.11
purchase,13.5.2-1
throw,31.1,17.1-1-1
grouse,37.8,13.7
style,26.4,41.2.2,29.3-1
experience,30.2
fragment,45.1
flick,17.1-1,40.3.2
stamp,25.1,29.3,40.3.2
throb,47.3,40.8.2
still,42.3
roast,26.3-2,45.3
win,13.5.1
chuckle,40.2
stand,47.6,31.2,9.2-1,50
cascade,47.7,47.2
off,42.1
eulogize,33
chasten,33
provoke,31.1,27
sorrow,31.3-8
rotate,47.3,9.6,51.3.1
curl,41.2.2,9.6-1
curb,42.3
court,36.2
impose,63
cure,10.6,80-1
fizz,43.2,47.2
break,48.1.1,40.8.3-1-1,10.6,23.2,45.1
flirt,36.1
bread,9.9
confabulate,36.1
overstate,37.12
meander,47.7,51.3.2
knife,18.3,42.2
gab,37.6
ring,9.8,43.2,47.8
screen,16
fetch,13.5.1-1
gag,9.9,42.3
buckle,22.4
detest,31.2-1
include,107,65
carjack,10.5
poster,9.9
beseech,60
converge,47.7,87.1
abandon,51.2
filch,10.5
rind,10.7
recline,47.6
sunburn,45.4,40.8.3-2
manifest,48.1.2
stagnate,45.5,47.2
influence,59-1
protect,85
dupe,59-1
recover,13.5.2
interlace,9.8,22.2-2-1
smudge,9.7-1
conspire,71
scuffle,36.4-1
buck,49
acetify,45.4
stabb,18.3
correlate,86.1,22.2-2-1
cheapen,45.4
billet,9.10
decorate,9.8,25.3
clock,54.1
mumble,37.3
quicken,45.4
oar,51.4.2
bluff,59-1
differ,23.4,36.4-1
natter,37.3
fabricate,26.4
fondle,20-1
enlighten,31.1
count,108,91,70,29.6,29.2,34.2
save,54.5,13.5.1-1
get_around,26.6.2
buffet,17.2
partition,10.1,23.3
squeeze,26.5,10.4.1-1,12-1-1,9.3-2-1,20-1
envisage,29.2-1-1
annul,106
torture,31.1
champion,29.8-1
fling,17.1-1
coerce,59
revolve,47.3,51.3.1
enamel,24
federate,45.4
disassemble,23.3
sleep_over,46
thrum,43.2
unseal,23.3
clench,40.3.2
manufacture,26.4
pique,31.1
dust,10.4.1-1,9.7-2
agglomerate,45.4
operate,45.4
stack,9.7-2
unseat,10.10
seclude,16
plummet,47.7,45.6-1
captivate,31.1
accomplish,55.2
stick,22.3-2,9.1-2,19,9.7-1
moult,47.2
wax,48.1.1,9.9,41.2.2
disengage,10.1
primp,41.1.1
believe,29.5-1,29.9-2,31.2
stage,26.4-1,55.5
war,36.4-1
network,22.1-2-1
flourish,47.1-1,39.6
risk,94-1
staff,9.8
linger,53.1,47.1-1
rise,48.1.1,47.6,47.7,51.1-2,45.6-1,50
heave,12,11.4-1-1
uncoil,23.1
tailor,29.8-1
prevail,47.1-1
swarm,47.5.1-1
receive,13.5.2
stir-fry,45.3
undercharge,54.5
sweet-talk,59
preoccupy,31.1
lipstick,9.9
swathe,9.8
denigrate,33
hover,47.6,47.3
print,25.2
yodel,37.3
repossess,10.5
evacuate,10.2
bleed,43.4,10.6,40.1.2,31.3-3
wag,40.3.2,40.3.1
intend,62,61
garland,9.9,9.8
found,97.1,55.5-1
wad,26.5
handle,98,15.1-1
woof,38
descale,10.8
sleigh,51.4.1
rage,31.3-8,31.3-2,37.3,31.3-1,47.2
lure,59-1
contort,26.5
assure,37.9,99,37.13
associate,22.2-2
scrub,10.4.1-1
classify,29.10,29.2
forward,11.1-1
flake,21.2-1
serve,13.4.1-1,68,104,29.6-2,54.3
honor,33
swagger,51.3.2
dehorn,10.8
pummel,18.3
copyright,101
declare,37.7-1,48.1.2,29.4-1-1-1
molder,45.5
price,54.4
prick,19,40.8.3-2
abut,47.8-1
own,100
complain,37.8
split,40.8.3-1-1,23.2,45.1,51.2,40.8.2
theorize,37.11-1
confiscate,10.5
destarch,10.8
face,98,9.8
wheel,11.5
mulch,9.9
breakfast,39.5
discard,17.1
ramble,51.3.2
prohibit,67
desiccate,45.4
defer,95
survive,39.6,47.1-1-1
lapse,48.2
affirm,29.5-2,78-1-1,31.2
motor,51.4.1,11.5
possess,100
mulct,10.6-1,54.5
underlie,47.8
notice,30.1-1
guzzle,39.3-2
resent,31.2
hail,57,33,29.2
fade,45.4
twiddle,40.3.2
cull,10.6,10.1
snack,39.5
invalidate,106
angle,47.7
reclaim,10.5
prompt,59
raft,51.4.1-1
agree,36.1-1
drone,43.2,37.3,38
squat,47.6,46,50
rake,35.2,10.4.2-1,9.3-2
seize,10.5,15.1-1,13.5.2
darken,45.4
surrender,13.2-1-1
protrude,47.6
telegraph,37.4
muddy,45.4
hack,23.2,21.1-1,26.1
pucker,40.3.2,40.8.2
marry,22.2-3-1-1,36.2
overnight,56,46
demonstrate,78-1-1,37.1.1
dispute,36.4-1
flicker,43.1
drool,43.4,40.1.2
poison,9.9,42.2
enlist,13.5.3
shiver,40.6,40.1.1
graft,22.3-2-1
inform,37.9,37.2
emigrate,51.1-2
canvass,35.4
anger,31.3-8,31.1
shutter,9.9
forfeit,13.2-1-1
embellish,9.8,25.3
require,60-1,103
disembark,51.1
result,48.1.1,48.3
crinkle,45.2
raid,35.4
weld,26.3-2,22.3-2-1
dump,9.3-2-1
owe,13.3
knight,29.7
lust,32.2-2,32.2-1
vroom,43.2
dangle,47.6,32.2-2,9.2-1
coronate,29.1
christianize,45.4
supply,13.4.1-1
rile,31.1
droop,47.6
drydock,9.10-1
hyperbolize,37.12
rain,57
unite,22.1-2-1,22.2-2-1
clip,21.1-1,41.2.2,22.4-1
grouch,37.8
denude,10.6
attenuate,45.4
consent,89
dull,45.4
pinion,10.7
nest,13.7
germinate,45.5,47.2
tuck,9.3-2
whistle,40.2,43.2,37.3,26.7-1-1,38
resume,55.1-1
yoke,9.9,22.4
wolf,39.3-1
tauten,45.4
levitate,45.4
lurk,47.1-1
fry,26.3-2,45.3
waste,68,66-1,44
flash,43.1,40.3.2
chunk,29.10
sober,31.1,45.4
clout,18.3
crease,45.2
satiate,31.1
cover,9.8,47.8
fail,74-2,75-1-1
splay,45.2
file,21.2-2,41.2.2,51.3.2,9.10,10.4.2
devastate,44,31.1
covet,32.1
vie,36.4-1
mince,21.2-1,51.3.2
grasp,15.1-1,87.2-1,20-1
belch,43.4,40.1.1
preach,37.11-1,37.1.1
compare,22.2-2
grieve,31.3-8,31.3-3,31.1
create,26.4,27
deafen,45.4
imbibe,39.4-2
hunger,31.3-8,32.2-1
vomit,40.1.2
thwack,18.1
cube,21.2-1
assail,33
snail,10.7,13.7
flare,43.1
position,9.1
start_off,55.1-1
bruise,21.2-1,40.8.3-2
embroider,25.1,26.1
correspond,47.1-1,36.1,36.4-1
ground,9.10-1,97.1
expurgate,10.4.1
grate,31.4-2,21.2-1
judge,29.8,29.4-1-1-2,29.2,34.2
compile,26.1
fake,55.5-1
recur,48.3
trickle,43.4,9.5,47.2
desert,51.2-1
establish,78-1-1,97.1,55.5-1
demolish,44,31.1
urbanize,45.4
prattle,37.3
snake,47.7,51.3.1
fog,57
scurry,51.3.2
disburse,13.2-2
fall,26.6.2,51.1-2,45.6-1,32.2-1
distract,31.1
wander,47.7,51.3.2
lump,22.3-1,29.10
quell,42.3
grant,29.5-2,13.3
preclude,67
discomfit,31.1
churn,26.1
race,51.3.2
unchain,23.3
twinkle,43.1
catapult,17.1-1-1
please,31.1
nibble,39.2-1
duck,52
trundle,11.5,51.3.2
glisten,43.1
softboil,26.3-2,45.3
characterize,29.2-1
work,26.5,73-3
worm,10.7
flank,47.8
neaten,41.1.2
letter,25.3
lull,31.1,42.3
discover,29.5-2,30.2,84
embed,9.1-1
restrict,76
annihilate,44,42.1
appall,31.1
cuff,18.3
promote,102
clerk,29.8-1
fly,47.6,51.4.2,11.5-1,51.3.2
stitch,22.4,26.1
encompass,47.8
even,45.4
brush,18.4-1,41.2.2,41.2.1,9.7-1,10.4.2-1
rosin,9.9
clay,9.9
defat,10.8
ride,51.4.2
allow,29.5-1,64,65,60
caution,37.9-1
enthuse,31.3-8,31.1,31.3-1
pertain,86.2-2
pepper,9.9
allot,13.3
flame,43.1
sidle,51.3.2
fit,26.9,54.3,9.3-2
paralyze,45.4
outdo,90
impeach,33
conga,51.5
fix,26.3-1,54.4,22.3-2-1
notify,37.9,37.2
defraud,10.6
perfect,45.4
duel,36.4-1
fine,54.5
find,29.4-1-1-2,84,13.5.1
film,25.4
retaliate,71
fill,9.8,47.8,45.4
moderate,45.4
phosphoresce,45.5
clad,41.3.3
continue,55.6,55.3
clam,13.7
confuse,22.2-2,31.1
clap,40.3.1-1,43.2
assume,93
claw,18.2
channel,9.3-2
blister,45.5
clump,43.2,51.3.2
portray,29.2-1-1
fidget,49
rehearse,26.8
reprove,33
outsmart,90
float,47.3,11.2-1,51.3.1,51.3.2
hose,10.4.2-1
parade,51.3.2
incorporate,22.2-1,22.2-2
time,54.1
refer,13.2,86.2-2
distemper,24
bark,37.3,10.7,40.8.3-2,38
rebuke,33
burble,43.2,37.3
quaver,37.3
barf,40.1.2
bare,40.3.2
condense,45.4
dehead,10.8
thunder,57,43.2,37.3,38
clunk,43.2
host,29.8-1
duplicate,25.4
promenade,51.3.2
tint,24
incandesce,43.1
intoxicate,31.1
exult,31.3-8,31.3-5,31.3-1
tail,10.7,51.6
worship,31.2
extract,10.1
surge,48.1.1,45.6-1
handcuff,22.4
pocket,9.10
ting,43.2
bite,18.2,40.8.3-2
divert,31.1
unfold,45.2
backbite,33
fawn,28
vex,31.1
smooth,45.4,10.4.1
blitz,44
depart,51.1,10.11
prospect,35.2
ostracize,10.1
butcher,42.1,29.8-1
perceive,30.2,30.1-1,29.2
beware,31.3-6
french-fry,45.3
pomade,9.9
liquefy,45.4
divest,10.6
recognize,29.5-1,29.9-1-1,30.2
liberate,10.5,80
recoil,40.5
ensure,99
tilt,47.6,36.4-1,45.4
waver,47.3
censure,33
revitalize,31.1
move_over,26.6.2-1
register,54.1-1,101
reproach,33
comfort,31.1
arouse,31.1
tile,9.9,9.8
base,97.1
bash,18.1,18.4-1,17.1-1
coincide,86.1,22.2-2-1
predominate,47.1-1
bask,31.3-5
prophesy,29.5-1
honk,38
microwave,26.3-2,45.3
qualify,29.6
bounce,11.2-1,51.3.1,51.3.2
cock,40.3.2
kiss,36.2,20-1
outmatch,90
band,22.3-2,22.4
scramble,22.3-1-1,22.1-1,26.3-2,51.3.2
squabble,36.4-1
brighten,45.4
bank,70,9.10
devote,79
bang,18.1,18.4-1,43.2,9.3-2-1
materialize,48.1.1
hook,10.5,22.4
victimize,33
dab,10.4.1-1,9.7-2
tamp,18.1
ascertain,99,37.13,84
code,29.10
creak,43.2
felicitate,33
carom,51.3.2
hoot,43.2,37.3,38
carol,37.3
cream,22.1-1
rally,51.4.2
tame,45.4
recharge,31.1
banter,36.1
dam,9.8
prefer,32.1-1-1,31.2
hope,62,32.2-1
crunch,39.2-1,18.4-1,43.2,18.3,21.2-1
deteriorate,45.5,45.4
guffaw,40.2
bill,54.5,29.2
bilk,10.6
evidence,101
powder,9.9,41.2.2
blaze,43.1
flock,47.5.2
honeymoon,56
shepherd,29.8-1,51.7
vacate,51.1,10.11
ally,71
ache,31.3-4,40.8.2,32.2-1
talc,41.2.2
emphasize,102
lap,39.2-2,90
fart,40.1.1
coat,9.8
talk,37.11-1,37.5,59-1
coax,59
dazzle,31.1
lay,26.4,9.2
cable,37.4
sojourn,56
carry_on,55.6
widen,45.4
take,10.5,26.6.2,11.3,103,54.3,54.2,13.5.3,29.2,26.7-2
obligate,59
retrieve,13.5.2
rummage,35.5
bind,9.8,22.3-2-1
reason,97.2
pull_away,82-3
shuttle,11.5-1
deliberate,36.3-1,36.1
freshen,45.4
cub,28
stroke,20-1
convey,37.7-1,11.1
perish,48.2
respond,37.7
nationalize,45.4
tweet,38
intone,26.7-1
carry,54.3,11.4,54.2
torment,31.1
refresh,31.1
sign_on,13.5.3
hold,29.5-1,15.1-1,54.3
bewail,31.2
wilt,45.5,47.2
exude,43.4,48.1.1
shoot,17.1-1,42.2,13.5.1
creep,47.3,47.5.1-1,51.3.2
overbake,26.3-2
will,13.3
pledge,55.1
frisk,35.4
rhapsodize,31.3-8,31.3-2
jibe,89
pardon,33,10.6-1-1
entangle,9.8,22.2-2
tisk,37.3
announce,37.7-1,48.1.2
cluck,37.3,38
tape,22.4,25.4
quit,10.11,55.2
clear,10.3-1,80-1,57,26.3-1,45.4
short,45.4
thank,33
rissole,45.3
excavate,35.2
clean,10.3-1,26.3-2,45.4
overawe,31.1
quiz,35.4
baffle,31.1
portion,13.3
get_out,82-1
unlace,23.3
green,45.5
destress,10.8
greet,33
stroll,51.3.2
okay,60
envision,29.2
scultpure,26.1
cut,23.2,47.7,21.1-1,41.2.2,26.1-1,31.1,40.8.3-2
settle,46,89
devour,39.4-1
unwind,45.2
constrain,76
charcoal-broil,45.3
snap,23.2,43.2,37.3,45.1,40.3.2
yacht,51.4.1
carve,25.2,21.2-2,23.3,26.1-1
energize,45.4
smear,9.7-1
twitter,37.3,38
oyster,13.7
request,58.2
sunder,23.3
wriggle_out,82-1
revolt,31.1
recode,29.10
assist,72-1
hunch,47.6,40.3.2,50
tire,31.3-6,31.1,45.4
condemn,33,81
arrive,51.1-2
discourage,67,77,31.1
winter,56
panic,59-1
polka,51.5
flood,9.8,45.4
stiffen,45.4
synthesize,26.4
panel,9.9,9.8
rabbit,13.7
motivate,59,58.1
explore,35.4
giggle,40.2
entrap,59-1
grudge,31.2
unzip,23.3
sparkle,43.1
shove,23.2,17.1-1,12-1-1,11.4-1-1
wrestle,36.4-1
reassure,31.1
faze,31.1
seal,22.4,13.7
erode,45.5,47.2
dawdle,53.1
misinterpret,87.2
conjure,26.4-1
depict,29.2
bawl,37.3
abduct,10.5
obsess,31.3-8,31.1
excoriate,33
waddle,51.3.2
meditate,31.3-8
shout,37.3
enrapture,31.1
slouch,47.6,51.3.2,50
e-mail,37.4
behead,42.2
cope,83-1
schlep,11.4
yellow,45.4
manage,74-1-1,83-1-1,75-2
recruit,29.7,13.5.3
sear,45.4,45.3
seat,54.3
interest,31.1
adopt,93,29.2,29.1
hunt,35.1
commission,59
copy,25.2,25.4
gnash,40.3.2
cool,45.4
certify,101,29.2
cook,26.3-1,45.3,26.1
lop,10.1
coop,9.10
slurp,39.2-2
log,13.7
convince,58.1,31.1
deink,10.8
hamper,67
swear,29.5-1
interweave,9.8,22.2-2-1
snuffle,37.3,40.1.1
low,38
sniff,40.2,30.2,37.1.1,30.3
sweat,43.4,40.1.2
startle,31.1
taxi,51.4.1
conk,18.3
telex,37.4
daunt,31.1
traverse,47.8
use,66,105,54.3
adorn,9.8,25.3
speckle,9.8
captain,29.8-1
expound,37.1.1
lob,17.1-1
converse,37.6
decree,29.3
publish,26.4-1
license,101
parachute,51.4.1
jingle,43.2
stagger,31.1,51.3.2
seed,9.9,9.7-1,10.7
come,48.1.1,51.1-2
unionize,45.4
seep,43.4
comb,35.2,41.2.2,10.4.2-1
seem,109
seek,35.6
dribble,43.4,9.5,40.1.2
throw_up,40.1.2
practice,26.8
defend,85
suppress,42.3,16
adore,31.2
con,10.6-1,59-1
screech,43.2,37.3,38
coo,37.3,38
cop,10.5
cow,31.1
collate,22.3-2
cox,29.8-1
acquiesce,95
divorce,36.2,23.1-1
lunch,39.5
waltz,51.5
lug,11.4
cosh,18.3
conclude,97.2
condition,41.2.2
select,13.5.2,29.2
cost,54.2
sweep,10.4.1-1,47.7,51.3.2,9.3-2-1,47.2
render,13.1,10.6
kennel,9.10
battle,36.3-2,36.4-1
sound,47.4,30.4,43.2
polymerize,45.4
tweak,20-1
crest,47.7
unshackle,23.3
cork,9.9
generate,26.2,27
christen,29.3-1
hull,10.7
troop,51.3.2
inspire,31.1
pirate,10.5
thrust,12-1-1,11.4-1-1
stay_over,46
cry,40.2,40.1.2-1,43.2,31.3-3,37.3
disprefer,77
thud,18.4-1,43.2
hitch,22.4
increase,45.4,45.6-1
core,10.7
slipcover,9.9
assign,13.3
diaper,9.9
house,54.3,9.10
fracture,40.8.3-1-1,45.1
capacitate,45.4
chlorinate,45.4
vaporize,44,45.4
aver,29.5-2
avoid,106,52
tree,9.10
pour,43.4,57,9.5,26.3-2
bandage,9.8
dissociate,23.1-2
focus,87.1
pout,40.2
blame,33
stopper,9.9
dwindle,45.6-1
entreat,58.1
trek,51.3.2
curtain,16
bait,9.9
scram,51.3.2
dither,53.1
deify,31.2
bail,10.4.1-1
glove,9.9
utilize,105
dislike,31.2-1
loathe,31.2
objectify,45.4
port,11.1
emancipate,10.5,80-1
remove,10.1,10.2,10.10
funnel,9.3-2-1
jumble,22.3-2
bake,26.3-1,45.3,26.1
galvanize,31.1
secure,13.5.1-1,99,22.3-2-1
crumple,45.2,21.2-1
furrow,45.2
henna,41.2.2
gibber,37.3
pose,48.1.2,37.1.1,29.6-2
sell,13.1-1
convene,47.5.2
tarmac,9.9
post,11.1
disgruntle,31.1
balk,40.5
snipe,13.7
return,26.6.2,13.2-2,51.1-2,11.1
oppose,22.2-3
tick,43.2
troll,35.2
nickel,9.9
radio,37.4
interlard,9.8
deice,10.8
phone,37.4,13.5.1
send,11.1-1,92-1
concentrate,87.1
undo,44
invoice,54.5
parquet,9.9
skulk,51.3.2
explode,43.2,45.4
sough,43.2
swell,45.5,45.6-1
nurse,39.7,29.8-1
decouple,23.1-1
ignite,45.4
oven-poach,45.3
uplift,31.1
deceive,59-1
herald,33
tram,51.4.1
gussy,41.3.2
howl,40.2,57,43.2,37.3,38
format,55.5-1
plunge,47.7,51.1-2,45.6-1
stable,9.10-1
genuflect,40.3.3
trap,9.10,59-1
season,9.8
apprise,37.2
match,22.2-1
iodize,45.4
blast,43.2,45.4
protest,71
convert,26.6.1-1,26.6.2-1
lignify,45.4
purpose,37.7-1-1
adjoin,47.8-1
delint,10.8
veneer,9.9
pool,22.1-2-1
couple,22.2-1
participate,73-2
invite,96,102,60
detect,30.1-1
fizzle,43.2
pressure,59
crochet,26.1
coin,26.4
embarrass,31.1
jiggle,49,47.3
blare,43.2,37.3
decimate,44
clamber,51.3.2
coil,26.5,51.3.1,9.6-1
pot-roast,45.3
lie,47.6,50
berth,9.10-1
evict,10.1
outbid,90
quieten,45.4
untie,23.3
diffuse,45.4
triumph,31.3-8
trot,51.3.2
debark,10.8
thread,22.4
wheedle,59-1
applique,25.1
slow,45.4
regroup,29.10
sleet,57
choke,40.7,9.8,42.3
sleep,40.4,54.3
capitulate,95
overwhelm,31.1
sulfurize,45.4
struggle,36.4-1
persuade,58.1
slumber,40.4
upbraid,33
parboil,45.3
sneeze,40.2,40.1.1
eat,39.1-1
sympathize,88.2
hobnob,36.1
review,34.1
devein,10.8
berry,13.7
leave,13.3,15.2,51.1,51.2-1,10.11,13.4.1
endow,9.8
debate,36.3-2,37.6,36.1-1-1
write,25.2,26.7-2-1,37.11-1,37.1.1-1-1,37.7
backpack,51.3.2
confound,31.1
chomp,39.2-1
FedEx,11.1-1
sterilize,45.4
short-circuit,45.4
defoam,10.8
cremate,45.4
alienate,31.1
disintegrate,45.4
skedaddle,51.1-2,51.3.2
epoxy,22.4
peal,43.2
squint,40.3.1-1,30.3
construe,97.1
precede,47.8
stand_up,50
taint,9.8
award,13.3
supplicate,58.2
cuddle,36.2
ossify,45.4
joust,36.4-1
degum,10.8
balance,47.6,45.4
dislocate,45.4
pasture,9.10
conduct,51.7
blindfold,9.9
propagate,45.4,47.2
collide,18.4-1,36.1
unclasp,23.3
cement,22.4
gust,57
reward,33,13.4.2-1
stress,9.9
learn,84-1-1,14-1,14-2-1
burst,48.1.1,45.4
gush,43.4,31.3-8,48.1.1
zigzag,47.7,51.3.2
wring,40.3.2,10.4.1,20-1,9.3-2
starve,40.7
scud,51.3.2
impale,42.2
leash,9.9,22.4
flip-flop,86.1
toboggan,51.4.1-1
lease,13.1-1,13.5.1
degut,10.8
slug,18.2
force-feed,39.7
dread,31.2
constringe,45.4
remember,29.9-1-1-1,29.2-1-1
prance,51.3.2
adapt,26.9
mew,38
swim,47.5.1-1,40.8.2,51.3.2
lounge,47.6
trim,9.8,41.2.2,10.4.1
swig,39.3-2
sketch,25.2
reorganize,26.4-1
disappoint,31.1
glory,31.3-5
rickshaw,51.4.1
stimulate,31.1,59-1
discriminate,71
foretell,29.5-1
elbow,18.3
extol,33
dye,41.2.2,24
sploosh,43.2
determine,84
apostatize,45.4
boggle,31.1
gelatinize,45.4
swerve,47.7,51.3.2
mosey,51.3.2
abuse,33
coagulate,45.4
ticket,9.9
repay,68,33
whiten,45.4
whip,22.3-1-1,26.5,18.3
whir,43.2
assuage,31.1
enroll,107
helicopter,51.4.1
limit,76
encircle,9.8,47.8
lather,41.2.2
toast,26.3-2,33,45.3
flex,40.3.2
go_back,26.6.2
outnumber,90
flee,51.1
proliferate,45.4
absolve,80-1,10.6-1-1
evaluate,34.1
fashion,26.1
dehusk,10.8
numb,31.1
wound,31.1
massage,20-1
solve,84
autograph,25.3
dampen,42.3,45.4
withdraw,10.1,82-3,51.1-2,10.11
cook_up,26.3-1
emulsify,45.4
whiz,51.3.2
clobber,18.3
stridulate,38
beguile,31.1
monogram,25.3
factor_out,108-2
detusk,10.8
lard,9.8
insert,9.1-1
commingle,22.1-1-1
dismiss,10.1,10.10
lint,10.7
confide,37.7-1
realize,29.5-1,84
last,54.2
head_on,98
recreate,26.4
abrade,45.4
carpet,9.9,9.8
gulp,39.3-2
gull,10.6
castrate,45.4
peck,18.2,39.2-1,20-1
humiliate,31.1
lash,9.8,22.4,18.1-1
squish,26.5,21.2-1,9.3-2
credit,13.4.1-1
live,47.1-1,46,39.6
ration,13.3
spill,43.4,48.1.1,9.5
flap,49,47.3,40.3.2
inherit,13.5.2
balloon,51.4.1,45.6-1
sheathe,9.10
lawyer,29.8
transpire,48.3
tug,23.2,12-1,15.1-1,11.4,20-1
hemorrhage,40.1.3-1
tickle,31.1,40.8.2,20-1
volunteer,29.8
improve,45.4
compel,59
shroud,9.8
japan,24
laud,33
quickstep,51.5
suspect,29.5-1,81,29.9-2
peek,30.3
husk,10.7
hush,42.3,45.4
peel,10.7
peer,30.3
recompense,33
peep,30.3,38
extend,47.1-1,13.3,13.2-2
jade,31.1
silver,9.9,45.4
squirt,43.4,9.7-1
lisp,37.3
laminate,45.4
hurt,31.3-4,31.1,40.8.3-2,40.8.1
embezzle,10.5
airmail,11.1-1
squirm,49
shoplift,10.5
slump,47.6,50
hurl,17.1-1
animate,45.4
don,41.3.1
unsettle,31.1
chatter,37.6,43.2,37.3,38
dot,9.8
horrify,31.1
neigh,38
compose,26.4,26.7-2
bias,96
inlay,9.8
amass,47.5.2
exhale,40.1.3-1
contend,29.5-2,36.4
fathom,87.2-1
moo,38
mop,10.4.2-1
pedal,51.4.2
daub,9.7-2
investigate,30.2,35.4
chauffeur,29.8-1
content,31.1
mow,21.2-2
floor,31.1
putrefy,45.5,45.4
conflict,36.4-1
shade,85
try,31.1,61
dicker,36.4-1
chrome,9.9
hock,13.1-1
perm,41.2.2
date,36.2,25.3
witness,30.2,29.8-1
entrance,31.1
explicate,37.1.1
perk,45.3
holler,37.3
widow,29.7
take_a_chance,70
reply,37.7
shelve,9.10
reverse,45.4
navigate,51.4.2
slay,42.1
spiral,51.3.1
skateboard,51.4.1-1
employ,105,13.5.3
interconnect,22.2-2-1
replace,13.6
institute,55.5-1
slap,18.4-1,17.1-1,18.1-1
dash,18.1,51.3.2
brag,37.8
stifle,40.7,42.3
transmute,26.6.1
confirm,29.5-2,78-1-1
respect,31.2
slam,18.4-1,18.3,17.1-1
niggle,31.4-1
kick,18.2,49,23.2,40.3.2,18.1-1,17.1-1-1,11.4-1-1
desprout,10.8
harry,59-1
attend,30.3
bray,37.3,38
provide,13.4.1-2
substitute,13.6-1-1
sled,51.4.1-1
pelt,57,17.2
confine,92-1,76
bicker,36.4-1
dart,51.3.2
touch_on,86.2-1
spritz,9.7-1
exhilarate,31.1
masticate,39.2-1
emanate,43.4,48.1.1
expand,45.4
swallow,39.3-2,40.1.1
decapitate,42.2
dare,59
follow,48.3,87.2-1,47.8,51.6
collapse,45.4
misspell,25.2
famish,45.4
silicify,45.4
leach,10.4.1
emerge,48.1.1,47.7,51.1-2
weigh,54.1-1
frame,9.9,9.8,47.8
vaticinate,29.5-1
repel,31.1
floss,41.2.1
repaint,24
solace,31.1
dub,29.3
bayonet,18.3
paddle,51.4.2,18.3,11.5
weight,13.4.2-1-1
tog,41.3.2
land,9.10-1
catch,13.5.1
destroy,44
de-escalate,45.4
tow,11.4
bedew,45.4
pillory,9.10
dispatch,42.1,11.1
top,9.9,47.8,90
ameliorate,45.4
dry,45.4
deep-fry,45.3
prune,21.2-2,10.4.1-1
lamb,28
gloat,31.3-8
collude,71
snatch,10.5,13.5.2
misspend,104
flour,9.9
mature,26.2,45.4
elude,52
chariot,51.4.1
shift,26.6.2,45.6-1,11.1
equip,13.4.2-1
aggregate,47.5.2
tootle,43.2
simper,40.2,37.3
tie,22.1-2,22.4
shake,22.3-2,26.5,47.3,40.6,31.1,40.3.2,9.3-2-1
hellenize,45.4
rescue,10.5
excite,31.1
shine,43.1
tin,9.10
obstruct,67
UPS,11.1-1
tip,54.5,17.1-1-1
center,87.1
slim,45.4
brew,26.3-1
burden,13.4.2-1-1
propose,37.7-1,48.1.2,62
initial,25.3
inscribe,25.1
unclamp,23.3
grapple,83-1-1
fillet,21.2-1
flower,45.5,47.2
corral,9.10
alert,37.9
damn,33
disagree,36.1,36.4-1
bargain,36.1,36.4-1,70,89
gnaw,39.2-1
exit,51.1
tempt,59,31.1
record,25.4
fence,9.9,47.8
obtain,13.5.2-1
cede,13.3
reserve,13.5.1
boost,102
impair,31.1
ascend,47.7,51.1
eventuate,48.3
cross,47.7,47.8-1,40.3.2,51.1-1
smell,35.3,43.3,30.1,30.4
shame,31.1,33,59-1
hesitate,53.1
attest,29.5-2
gorge,39.6
launch,17.1-1-1,55.5-1
munch,39.2-1
extrude,10.1
identity,22.2-2
bike,11.5,51.4.1-1
apprentice,29.7
command,60-1
rustle,10.5,43.2
expire,48.2
spray,9.7-1
zipcode,9.9
pop_up,48.1.1
blaspheme,33
slip,23.2,11.1-1
dehydrate,45.4
pasteurize,45.4
awake,48.1.1,45.4
slit,21.2-1
mix,22.1-1-1,36.1,26.3-1
pronounce,29.3
crystallize,45.4
amaze,31.1
contuse,40.8.3-2
pioneer,29.8-1,55.5
kill,42.1-1,42.3
elate,31.1
usher,29.8-1
gear,26.9
degerm,10.8
forbear,69
parley,36.1
tack,51.4.2,22.4,51.3.2
shirr,45.3
lace,22.4
charbroil,45.3
breathe,40.1.2-1,47.2
hospitalize,92
shape,48.1.2,26.1-1,27
tread,21.2-2
highjack,10.5
filter,10.4.2
treat,13.4.2-1,29.2
suffocate,40.7,42.3,42.2
crown,9.9,29.3-1,29.1
undertake,98,55.1-1
intermix,22.1-1,36.1
dim,45.4
slog,51.3.2
dip,47.7,45.6-1,9.3-1
ingest,39.4-1
order,60-1,13.5.1
luncheon,39.5
whimper,37.3,38
slop,43.4,9.5
die,48.2
dig,35.1,19,26.4-1
crowd,9.7-1-1
conjecture,29.5-1
excise,10.1
depreciate,45.6-1
shark,13.7
swab,10.4.1-1,9.7-1
shock,31.1,59-1
bludgeon,18.3
bronze,9.9
stratify,45.4
sway,49,47.3,58.1
anglicize,45.4
summer,56
cluster,22.3-2,47.5.2
insinuate,37.7
swap,13.6-1-1
biff,18.3
swat,18.2
